Abbott:Abbott
Albus:Albus Dumbledore
Albus Dumbledore:Albus Dumbledore
Alicia:Alicia Spinnet
Alicia Spinnet:Alicia Spinnet
Amos:Amos Diggory
Amos Diggory:Amos Diggory
Angelina:Angelina Johnson
Angelina Johnson:Angelina Johnson
Aragog:Aragog
Aurthor:Aurthor Weasley
Aurthor Weasley:Aurthor Weasley
Bagman:Ludo Bagman
Bane:Bane
Baron:Bloody Baron
Bell:Katie Bell
Bertha:Bertha Jorkins
Bertha Jorkins:Bertha Jorkins
Bill:Bill Weasley
Bill Weasley:Bill Weasley
Binns:Professor Binns
Black:Sirius Black
Bloody:Bloody Baron
Bloody Baron:Bloody Baron
Brown:Lavender Brown
Buckbeak:Buckbeak
Bulstrode:Millicent Bulstrode
Cadogan:Sir Cadogan
Cedric:Cedric Diggory
Cedric Diggory:Cedric Diggory
Chang:Cho Chang
Charlie:Charlie Weasley
Charlie Weasley:Charlie Weasley
Cho:Cho Chang
Cho Chang:Cho Chang
Clearwater:Penelop Clearwater
Colin:Colin Creevey
Colin Creevey:Colin Creevey
Cornelius:Cornelius Fudge
Cornelius Fudge:Cornelius Fudge
Crabbe:Vincent Crabbe
Creevey:Colin Creevey
Crookshanks:Crookshanks
Crouch:Mr Crouch
Davis:Roger Davis
Dean:Dean Thomas
Dean Thomas:Dean Thomas
Delacour:Fleur Delacour
Dennis:Dennis Creevey
Dennis Creevey:Dennis Creevey
Diggory:Cedric Diggory
Dobby:Dobby
Draco:Draco Malfoy
Draco Malfoy:Draco Malfoy
Dudley:Dudley Dursley
Dudley Dursley:Dudley Dursley
Dumbledore:Albus Dumbledore
Dursley:Dursley
Ernie:Ernie Mcmillan
Ernie Mcmillan:Ernie Mcmillan
Fang:Fang
Fat:Fat Friar
Fat Friar:Fat Friar
Fawkes:Fawkes
Filch:Filch
Finch-Fletchley:Finch-Fletchley
Finnigan:Seamus Finnigan
Firenze:Firenze
Flamel:Nicolas Flamel
Fleur:Fleur Delacour
Fleur Delacour:Fleur Delacour
Flitwick:Professor Flitwick
Fluffy:Fluffy
Fred:Fred Weasley
Fred Weasley:Fred Weasley
Friar:Fat Friar
Fudge:Cornelius Fudge
George:George Weasley
George Weasley:George Weasley
Gibleroy:Gibleroy Lockhart
Gibleroy Lockhart:Gibleroy Lockhart
Ginny:Ginny Weasley
Ginny Weasley:Ginny Weasley
Godric:Godric Gryffindor
Godric Gryffindor:Godric Gryffindor
Goyle:Goyle
Granger:Hermione Granger
Griphook:Griphook
Grubbly-Plank:Professor Grubbly-Plank
Gryffindor:Gryffindor
Hagrid:Rubeus Hagrid
Hannah:Hannah Abbott
Hannah Abbott:Hannah Abbott
Harry:Harry Potter
Harry Potter:Harry Potter
Headless:Headless
Hedwig:Hedwig
Helga:Helga Hufflepuff
Helga Hufflepuff:Helga Hufflepuff
Hermione:Hermione Granger
Hermione Granger:Hermione Granger
Hooch:Madam Hooch
Hufflepuff:Hufflepuff
Igor:Igor Karkaroff
Igor Karkaroff:Igor Karkaroff
James:James Potter
James Potter:James Potter
Johnson:Angelina Johnson
Jordan:Lee Jordan
Jorkins:Bertha Jorkins
Justin:Justin Finch-Fletchley
Justin Finch-Fletchley:Justin Finch-Fletchley
Karkaroff:Igor Karkaroff
Katie:Katie Bell
Katie Bell:Katie Bell
Krum:Viktor Krum
Lavender:Lavender Brown
Lavender Brown:Lavender Brown
Lee:Lee Jordan
Lee Jordan:Lee Jordan
Lily:Lily Potter
Lily Potter:Lily Potter
Lockhart:Gibleroy Lockhart
Longbottom:Neville Longbottom
Ludo:Ludo Bagman
Ludo Bagman:Ludo Bagman
Lupin:Professor Lupin
Mad-eye:Mad-eye Moody
Mad-eye Moody:Mad-eye Moody
Madam Hooch:Madam Hooch
Madam Malkin:Madam Malkin
Madam Maxime:Madam Maxime
Madam Pince:Madam Pince
Madam Pomfrey:Madam Pomfrey
Malfoy:Draco Malfoy
Malkin:Madam Malkin
Maxime:Madam Maxime
Mcgonagall:Professor Minerva Mcgonagall
Mcmillan:Ernie Mcmillan
Millicent:Millicent Bulstrode
Millicent Bulstrode:Millicent Bulstrode
Minerva:Professor Minerva Mcgonagall
Moaning:Moaning Murtle
Moaning Murtle:Moaning Murtle
Molly:Molly Weasley
Molly Weasley:Molly Weasley
Moody:Mad-eye Moody
Moony:Moony
Mr Crouch:Mr Crouch
Mr Ollivander:Mr Ollivander
Murtle:Moaning Murtle
Nearly:Nearly Headless Nick
Nearly Headless Nick:Nearly Headless Nick
Neville:Neville Longbottom
Neville Longbottom:Neville Longbottom
Nick:Nearly Headless Nick
Nicolas:Nicolas Flamel
Nicolas Flamel:Nicolas Flamel
Norbert:Norbert
Oliver:Oliver Wood
Oliver Wood:Oliver Wood
Ollivander:Mr Ollivander
Padfoot:Padfoot
Padma:Padma Patil
Padma Patil:Padma Patil
Pansy:Pansy Parkinson
Pansy Parkinson:Pansy Parkinson
Parkinson:Pansy Parkinson
Parvati:Parvati Patil
Parvati Patil:Parvati Patil
Patil:Parvati Patil
Peeves:Peeves
Penelop:Penelop Clearwater
Penelop Clearwater:Penelop Clearwater
Percy:Percy Weasley
Percy Weasley:Percy Weasley
Peter:Peter Pettigrew
Peter Pettigrew:Peter Pettigrew
Pettigrew:Peter Pettigrew
Petunia:Petunia Dursley
Petunia Dursley:Petunia Dursley
Pigwidgeon:Pigwidgeon
Pince:Madam Pince
Pomfrey:Madam Pomfrey
Potter:Harry Potter
Professor Binns:Professor Binns
Professor Flitwick:Professor Flitwick
Professor Grubbly-Plank:Professor Grubbly-Plank
Professor Lupin:Professor Lupin
Professor Minerva Mcgonagall:Professor Minerva Mcgonagall
Professor Quirrel:Professor Quirrel
Professor Severus Snape:Professor Severus Snape
Professor Sinistra:Professor Sinistra
Professor Sprout:Professor Sprout
Professor Trelawney:Professor Trelawney
Prongs:Prongs
Quirrel:Professor Quirrel
Ravenclaw:Ravenclaw
Riddle:Tom Riddle
Rita:Rita Skeeter
Rita Skeeter:Rita Skeeter
Roger:Roger Davis
Roger Davis:Roger Davis
Ron:Ron Weasley
Ron Weasley:Ron Weasley
Ronan:Ronan
Rowena:Rowena Ravenclaw
Rowena Ravenclaw:Rowena Ravenclaw
Rubeus:Rubeus Hagrid
Rubeus Hagrid:Rubeus Hagrid
Salazar:Salazar Slytherin
Salazar Slytherin:Salazar Slytherin
Scabbers:Scabbers
Seamus:Seamus Finnigan
Seamus Finnigan:Seamus Finnigan
Severus:Professor Severus Snape
Sinistra:Professor Sinistra
Sir Cadogan:Sir Cadogan
Sirius:Sirius Black
Sirius Black:Sirius Black
Skeeter:Skeeter
Slytherin:Slytherin
Snape:Professor Severus Snape
SpinnetProfessor:Alicia Spinnet
Sprout:Professor Sprout
Thomas:Thomas
Tom:Tom Riddle
Tom Riddle:Tom Riddle
Trelawney:Professor Trelawney
Vernon:Vernon Dursley
Vernon Dursley:Vernon Dursley
Viktor:Viktor Krum
Viktor Krum:Viktor Krum
Vincent:Vincent Crabbe
Vincent Crabbe:Vincent Crabbe
Voldemort:Voldemort
Weasley:Ron Weasley
Winky:Winky
Wood:Oliver Wood
Wormtail:Wormtail
